np,rep,phase,requests,total_tokens,batch_wall_s,aggregate_tps,mean_request_tps,mean_ttft_s,p95_ttft_s,mean_itl_s,p95_itl_s,errors
1,0,measure,1,128,5.130242744984571,24.950086450613938,25.82170567093709,0.17282277799677104,0.17282277799677104,0.03903204647253092,0.03903204647253092,0
1,1,measure,1,128,5.12824847799493,24.95978900968662,25.822173776565847,0.17098538400023244,0.17098538400023244,0.039031338897684044,0.039031338897684044,0
1,2,measure,1,128,5.167091135983355,24.772158383004825,25.62859727565083,0.17227322299731895,0.17227322299731895,0.039326148244000485,0.039326148244000485,0
