np,rep,request,phase,prompt_tokens,tokens,ttft_s,wall_s,itl_s,request_tps,stop,error
1,-1,0,warmup,24,128,0.5249566529819276,5.487768522987608,0.03907725881894236,25.791829985256623,True,
1,0,0,measure,24,128,0.17282277799677104,5.129892680008197,0.03903204647253092,25.82170567093709,True,
1,1,0,measure,24,128,0.17098538400023244,5.127965424006106,0.039031338897684044,25.822173776565847,True,
1,2,0,measure,24,128,0.17227322299731895,5.166694049985381,0.039326148244000485,25.62859727565083,True,
